threads,time_static,time_dynamic,speedup_static,speedup_dynamic,faster_scheduler,time_ratio_dyn_over_stat
1,0.186696075,0.201291758,0.8857266442264521,0.8215025276891864,static,1.078178842270787
4,0.049339588,0.110448129,3.3515011921056175,1.4971886757810084,static,2.238529616420794
8,0.025637544,0.106629201,6.449981636306504,1.5508105326607482,static,4.159103578720333
16,0.01483115,0.103852149,11.149620090148101,1.5922798862833354,static,7.002299147402596
32,0.011683063,0.10807489,14.153966986226129,1.530065753478907,static,9.250561261203504
