trial, time_seconds
0,0.376304
1,0.376166
2,0.375687
3,0.376296
4,0.375789
